Warning_OER,DOI,Country,Facility,Journal_Name,IF,Indexed_Date,Cited_Time,Acid_OVP,Alkaline_OVP,Neutral_OVP,Remark_Sentence,Bug_Note,Irregular_Abnormal_Value,Irregular_Multiple_Value,Irregular_Multiple_Keywords,Element_1,Element_2,Element_3,Element_4,Element_5,Element_6,Element_7,Element_8,Judge_Nanoparticles,Judge_3D,Judge_2D,Judge_1D,Judge_Urchin,Judge_SAC,Judge_QD,Judge_Hollow,Judge_Core_Shell,Judge_Template,Judge_alloy,Judge_Functionalized,Judge_heterostructures,Judge_Polymer_Complex_Chelate,Judge_Biomass_Slag,Judge_MOF,Judge_COF,Judge_Conductive_Polymer,Judge_Polymetal,Judge_Hydroxide_Oxyhydroxide,Judge_oxalate,Judge_Spinel,Judge_Perovskite,Judge_Pyrochlore,Judge_Prussian_Blue,Judge_Amorphous,Judge_Ultrasound,Judge_Plasma,Judge_Graphdiyne,Judge_Graphene,Judge_c3n4,Judge_MXene,Judge_CNT,Judge_IL,Judge_Organic_Inorganic,Judge_Steel,Judge_Carbon_Cloth,Judge_Film,Judge_Molten,Judge_Co_Precipitation,Judge_Electrospin,Judge_Hydrothermal,Judge_Microwave,Judge_Spray,Judge_Phys_Chem_Deposition,Judge_Light_Deposition,Judge_Electrochemical_Deposition,Judge_Electrochemical_Corrosion,Judge_Etching,Judge_Sol_Gel,Warning_OER
1,10.1039/c9na00356h,Peoples R China,Guangdong Univ Technol,NANOSCALE ADVANCES,5.598,10/4/2019,6,NaN,NaN,453,"The optimised catalyst (20CeO(2)/Co-Bi hybrid) was found to exhibit remarkable OER catalytic activity with an overpotential of 453 mV at a current density of 10 mA cm(-2), Tafel slope of 120 mV dec(-1) and long-term stability in neutral medium due to its ","Normal,only neutral.",1,0,0,Ce,Co,O,None,None,None,None,None,0,0,0,0,0,0,0,0,0,0,0,0,1,0,0,0,0,0,0,0,0,0,0,0,0,0,0,0,0,0,0,0,0,0,0,0,0,0,0,0,0,0,0,0,0,0,0,0,0,0,1
1,10.1038/s41467-020-18064-w,Singapore,Nanyang Technol Univ,NATURE COMMUNICATIONS,17.694,8/25/2020,101,255,297,307,"Herein, we report uniformly dispersed iridium nanoclusters embedded on nitrogen and sulfur co-doped graphene as an efficient and robust electrocatalyst for both HER and OER at all pH conditions, reaching a current density of 10mA cm(-2) with only 300, 190","Normal,acid, alkaline and neutral.",1,0,0,C,N,S,Ir,None,None,None,None,1,0,0,0,0,0,0,0,0,0,0,0,0,0,0,0,0,0,0,0,0,0,0,0,0,0,0,0,0,1,0,0,0,0,0,0,0,0,0,0,0,0,0,0,1,0,0,0,0,0,1
1,10.1002/anie.201610776,Peoples R China,Sichuan Univ,ANGEWANDTE CHEMIE-INTERNATIONAL EDITION,16.823,1/19/2017,303,NaN,NaN,450,"As a 3D oxygen evolution reaction (OER) catalyst electrode at neutral pH, the resulting Co-Pi NA/Ti shows exceptionally high catalytic activity and demands an overpotential of only 450 mV to drive a geometrical catalytic current density of 10 mA cm(-2)","Normal,only neutral.",1,0,0,Co,Ti,P,None,None,None,None,None,0,1,0,1,0,0,0,0,0,0,0,0,0,0,0,0,0,0,0,0,0,0,0,0,0,0,0,0,0,0,0,0,0,0,0,0,0,0,0,0,0,0,0,0,0,0,0,0,0,0,1
1,10.1002/adfm.202107181,Peoples R China,Qingdao Univ Sci & Technol,ADVANCED FUNCTIONAL MATERIALS,19.924,9/25/2021,13,169,180,310,"The overpotential of Pd/NiFeOx nanosheets for OER is only 180, 169, and 310 mV in 1 m KOH, 0.5 m H2SO4, and 1 m phosphate-buffered saline (PBS) conditions at 10 mA cm(-2) current density, as well as excellent HER activity with ultralow overpotential in a wide pH range","Normal,acid, alkaline and neutral.",1,0,0,Pd,Ni,Fe,O,None,None,None,None,0,1,1,0,0,0,0,1,0,0,0,0,0,0,0,0,0,0,0,0,0,0,0,0,0,0,0,0,0,0,0,0,0,0,0,0,0,0,0,0,0,0,0,0,0,0,0,0,1,0,1
1,10.1007/s10973-022-11435-z,Romania,Natl Inst Res & Dev Electrochem & Condensed Matte,JOURNAL OF THERMAL ANALYSIS AND CALORIMETRY,4.755,7/10/2022,0,320,NaN,690,"During the OER studies performed in strong acidic solution and in neutral environment, overpotentials of 320 and 690 mV were obtained at the current density of 10 mA cm(-2)","Normal,acid and alkaline.",1,0,0,C,Fe,P,O,None,None,None,None,0,0,0,1,0,0,0,0,0,0,0,1,0,0,0,0,0,0,0,0,0,0,0,0,0,0,0,0,0,0,0,0,0,0,0,0,0,0,0,0,0,0,0,0,0,0,0,0,0,0,1
1,10.1039/c9ta05334d,Peoples R China,Shaanxi Normal Univ,JOURNAL OF MATERIALS CHEMISTRY A,14.511,8/2/2019,111,NaN,NaN,310,"In particular, RhCo-ANAs only require the overpotential of 31 and 310 mV at the current density of 10 mA cm(-2) for the HER and OER in a neutral solution, respectively","Normal,only neutral.",1,1,0,C,Co,O,Rh,None,None,None,None,1,1,1,1,0,0,0,0,0,0,1,0,0,0,0,0,0,0,0,0,0,0,0,0,0,0,0,0,0,0,0,0,0,0,0,0,0,0,0,0,0,0,0,0,0,0,0,0,0,0,1
1,10.1021/jacs.9b04492,Peoples R China,Beijing Normal Univ,JOURNAL OF THE AMERICAN CHEMICAL SOCIETY,16.383,7/24/2019,372,228,166,405,"The CoMoNiS-NF-31 demonstrates the best electrocatalytic activity, giving ultralow overpotentials (113, 103, and 117 mV for HER and 166, 228, and 405 mV for OER) to achieve a current density of 10 mA cm(-2) in alkaline, acidic, and electrolytes, respectively","Normal,acid and alkaline.",1,1,0,Co,Mo,Ni,S,None,None,None,None,0,1,1,1,0,0,0,0,0,0,0,0,1,0,0,0,0,0,0,0,0,0,0,0,0,0,0,0,0,0,0,0,0,0,0,0,0,0,0,0,0,0,0,0,0,0,0,0,0,0,1
1,10.1016/j.cej.2020.125537,Peoples R China,Chinese Acad Sci,CHEMICAL ENGINEERING JOURNAL,16.744,10/26/2020,11,NaN,265,410,"The resulted Ni-CoOOH/NF with a large number of active sites exhibits a highly efficient OER catalytic activity outperforming the commercial RuO2 catalysts, indicated by low overpotentials of only 265 and 410 mV at a current density of 10 mA cm(-2) in alkaline and neutral media, respectively","Normal,acid and alkaline.",1,0,0,Co,Ni,O,P,None,None,None,None,0,1,1,0,0,0,0,0,0,0,0,0,0,0,0,0,0,0,1,0,0,0,0,0,0,0,0,0,0,0,0,0,0,0,0,0,0,0,0,0,0,0,0,0,1,0,0,0,0,0,1
1,10.1039/d1tc01722e,Peoples R China,Qingdao Univ Sci & Technol,JOURNAL OF MATERIALS CHEMISTRY C,8.067,6/27/2021,5,NaN,NaN,79.5,"Moreover, the Echinops-like Rh PNNSs also showed an enhanced OER activity than commercial RuO2 with a small overpotential of 79.5 mV at 10 mA cm(-2) in neutral media","Normal,only neutral.",0,0,0,Rh,None,None,None,None,None,None,None,0,1,1,0,0,0,0,1,0,0,0,1,0,0,0,0,0,0,0,0,0,0,0,0,0,0,0,0,0,0,0,0,0,0,0,0,0,0,0,0,0,0,0,0,0,0,0,0,0,0,1
1,10.1039/c8cc02021c,Peoples R China,Dalian Univ Technol,CHEMICAL COMMUNICATIONS,6.065,12/28/2018,27,NaN,NaN,465,"Surprisingly, this electrode required a relatively low overpotential of 465 mV to achieve a catalytic current density of 10 mA cm(-2) for the OER in 0.2 M carbonate buffer (pH = 11.0)","Normal,only neutral.",1,0,0,C,Cu,O,Se,Ti,None,None,None,1,0,0,1,0,0,0,0,0,0,0,0,1,0,0,0,0,0,0,0,0,0,0,0,0,0,0,0,0,0,0,0,0,0,0,0,0,1,0,0,0,0,0,0,0,0,1,0,0,0,1
0,10.1021/acs.langmuir.6b02699,IL 60208 USA,Northwestern Univ,LANGMUIR,4.331,11/22/2016,33,440,NaN,576,"Overpotentials at a current density of 10 mA/cm(2) were recorded in both acidic and pH 7 phosphate buffer aqueous reaction media and found to be 440 and 576 mV, respectively, with very low NiSx loading","Normal,acid and alkaline.",1,0,0,P,Ni,S,None,None,None,None,None,0,0,0,1,0,0,0,0,0,0,0,0,0,0,0,0,0,0,0,0,0,0,0,0,0,0,0,0,0,0,0,0,0,0,0,0,0,1,0,0,0,0,0,0,1,0,0,0,0,0,0
1,10.1016/j.ijhydene.2020.12.131,India,CSIR Cent Electrochem Res Inst CECRI,INTERNATIONAL JOURNAL OF HYDROGEN ENERGY,7.139,5/15/2021,10,NaN,245,457,"To address this issue, herein, we have synthesized One dimensional (1D), hydrated porous cobalt phosphate fibrous network by an ES method and act as an electrocatalyst for OER in both alkaline and neutral media for the first time, which exhibits an overpotential of 245 and 457 mV respectively at a current density of 10 mAcm(-2) with astonishing stability","Normal,acid and alkaline.",1,0,0,Co,P,None,None,None,None,None,None,0,0,0,1,0,0,0,1,0,0,0,0,0,0,0,0,0,0,0,0,0,0,0,0,0,0,0,0,0,0,0,0,0,0,0,0,0,0,0,0,1,0,0,0,0,0,0,0,0,0,1
1,10.1039/d0ta02496a,Peoples R China,Jilin Univ,JOURNAL OF MATERIALS CHEMISTRY A,14.511,6/11/2020,46,190,257,410,"The developed RuCo@CD electrocatalyst present superior hydrogen evolution reaction (HER) and oxygen evolution reaction (OER) activities with great durability over a wide pH range, achieving a very low overpotential of 51 mV, 11 mV and 67 mV for HER, and 190 mV, 257 mV and 410 mV for OER at 10 mA cm(-2) in 0.5 M H2SO4, 1.0 M KOH and neutral 1.0 M phosphate buffer solution (PBS), respectively","Normal,acid, alkaline and neutral.",1,1,0,C,Co,Ru,None,None,None,None,None,0,0,0,0,0,0,0,0,0,0,1,1,0,0,0,0,0,0,0,0,0,0,0,0,0,0,0,0,0,0,0,0,0,0,0,0,0,0,0,0,0,0,0,0,0,0,0,0,0,0,1
1,10.1016/j.jcis.2022.05.120,Peoples R China,Fudan Univ Shanghai,JOURNAL OF COLLOID AND INTERFACE SCIENCE,9.965,6/15/2022,3,NaN,NaN,280,The resulting Ru@Co-B/Ni binder-free electrode could supply 10 mA cm-2 at overpotentials of 56 mV for HER and 280 mV for OER in 0.5 M phosphate buffer electrolyte,"Normal,only neutral.",1,1,0,Co,Ru,B,Ni,None,None,None,None,1,0,0,1,0,0,0,0,0,0,0,0,0,0,0,0,0,0,0,0,0,0,0,0,0,0,0,0,0,0,0,0,0,0,0,0,0,0,0,0,0,0,0,0,0,0,0,0,0,0,1
1,10.1002/smll.202106012,Peoples R China,Guangdong Univ Technol,SMALL,15.153,1/28/2022,8,NaN,200,318,"Benefiting from the synergy of CoP core and oxygen-vacancy-rich CoOOH shell, the as-obtained CoP@CoOOH/CP catalyst displays low overpotentials at 10 mA cm(-2) for HER (89.6 mV/81.7 mV) and OER (318 mV/200 mV) in neutral and alkaline media, respectively","Normal,acid and alkaline.",1,1,0,C,Co,O,P,None,None,None,None,0,0,0,1,0,0,0,0,1,0,0,0,1,0,0,0,0,0,0,0,0,0,0,0,0,0,0,0,0,0,0,0,0,0,0,0,0,0,0,0,0,0,0,0,0,0,0,0,0,0,1
1,10.1002/smll.202106187,Peoples R China,Zhejiang A&F Univ,SMALL,15.153,12/10/2021,5,NaN,258,293,"As a result, the quenched-engineered NiCo2O4 nanowire electrode achieves a current density of 10 mA cm(-2) at a low overpotential of 258 mV in 1 m KOH electrolyte, showing the remarkable catalytic performance towards OER","Normal,only alkaline.",1,0,0,Co,Ni,O,None,None,None,None,None,0,0,0,1,0,0,0,0,0,0,0,0,0,0,0,0,0,0,0,0,0,0,0,0,0,0,0,0,0,0,0,0,0,0,0,0,0,0,0,0,0,0,0,0,0,0,0,0,0,0,1
1,10.1039/c8ta01902a,Peoples R China,Chinese Acad Sci,JOURNAL OF MATERIALS CHEMISTRY A,14.511,12/28/2018,22,NaN,NaN,500,"Here we evidence that a mixed noble metal free Co/Cu-containing polyoxometalate/Carbon Cloth (Cu6Co7/CC) hybrid possesses excellent activity as a water splitting pre-electrocatalyst at neutral pH, with Hydrogen Evolution Reaction (HER) and Oxygen Evolution Reaction (OER) overpotentials of 390 mV and 500 mV at 10 mA cm(-2) and Tafel slopes of 96 mV dec(-1) and 147 mV dec(-1), respectively","Normal,only neutral.",1,1,0,C,Co,Cu,O,None,None,None,None,0,0,0,1,0,0,0,0,0,0,0,0,1,0,1,0,0,0,1,0,0,0,0,0,0,0,0,0,0,0,0,0,0,0,0,0,1,0,0,0,0,0,0,0,0,0,0,0,0,0,1
1,10.1039/c9ta08812a,Peoples R China,Guangdong Univ Technol,JOURNAL OF MATERIALS CHEMISTRY A,14.511,10/21/2019,47,NaN,NaN,391,"The best Zn and S codoped CoP nanorod clusters on carbon paper (Zn,S-CoP NRCs/CP) require overpotential values of 67 and 391 mV for hydrogen evolution reaction (HER) and oxygen evolution reaction (OER) at 10 mA cm(-2) in 1.0 M phosphate-buffered solution, respectively","Normal,only neutral.",1,1,0,C,Co,O,P,S,Zn,None,None,1,0,0,1,0,0,0,0,0,0,0,0,0,0,0,0,0,0,0,0,0,0,0,0,0,0,0,0,0,0,0,0,0,0,0,0,0,0,0,0,0,0,0,0,0,0,0,0,0,0,1
1,10.1021/acsami.1c20752,India,Acad Sci & Innovat Res AcSIR,ACS APPLIED MATERIALS & INTERFACES,10.383,1/8/2022,4,328,NaN,453,"On the other hand, in acidic, neutral, and near-neutral environments, it required overpotentials of 328, 453, and 470 mV, respectively, to attain a 10 mA/cm(2) current density","Normal,acid and alkaline.",1,1,0,Co,O,Ru,None,None,None,None,None,0,0,0,1,0,0,0,0,0,0,0,0,0,0,0,0,0,0,0,0,0,0,0,0,0,0,0,0,0,0,0,0,0,0,0,0,0,0,0,0,0,0,0,0,0,0,0,0,0,0,1
1,10.1016/j.nanoen.2020.105079,Peoples R China,Soochow Univ,NANO ENERGY,19.069,10/6/2020,7,NaN,NaN,342,"As a result, the SCN-Ru-RuO2/C3N4 may achieve the current density of 10 mA cm(-2) in the neutral electrolyte at an overpotential of 342 mV, which is significantly lower than that of commercial RuO2 (545 mV)","Normal,only neutral.",1,1,0,C,N,O,Ru,S,None,None,None,0,0,0,1,0,0,0,0,0,0,0,0,0,0,0,0,0,0,0,0,0,0,0,0,0,0,0,0,0,0,0,0,1,0,0,0,0,0,0,0,0,0,0,0,1,0,0,0,0,0,1
1,10.1039/c7cc07962a,Peoples R China,Univ Jinan,CHEMICAL COMMUNICATIONS,6.065,12/25/2017,38,NaN,265,285,"To achieve a current density of 10 mA cm(-2), the Mn doped CoN nanowires/CFC requires an overpotential of 265 mV in alkaline solution and 285 mV in neutral solution.","Normal,acid and alkaline.",1,0,0,C,Co,Mn,N,None,None,None,None,0,0,0,1,0,0,0,0,0,0,0,0,0,0,0,0,0,0,0,0,0,0,0,0,0,0,0,0,0,0,0,0,0,0,0,0,0,0,0,0,0,0,0,0,0,0,0,0,0,0,1
1,10.1016/j.cej.2022.137909,Peoples R China,Southwest Univ,CHEMICAL ENGINEERING JOURNAL,16.744,7/27/2022,0,160,176,248,"The as-synthesized Ru0.5Ir0.5 alloy exhibits unexpected low overpotentials of 4, 28, 16 mV for hydrogen evolution reaction (HER) and 160, 176, 248 mV for oxygen evolution reaction (OER) at 10 mA cm(-2) in 0.5 M H2SO4, 1.0 M KOH and 1.0 M PBS solutions, respectively","Normal,acid, alkaline and neutral.",1,1,0,Ir,Ru,None,None,None,None,None,None,0,0,0,1,0,0,0,0,0,0,1,0,0,0,0,0,0,0,0,0,0,0,0,0,0,0,0,0,0,0,0,0,0,0,0,0,0,0,0,0,0,0,0,0,0,0,0,0,1,0,1
1,10.1039/d0qi00095g,Peoples R China,Soochow Univ,INORGANIC CHEMISTRY FRONTIERS,7.779,6/23/2020,14,NaN,330,490,"The potentials @ 10 mA cm(-2) of RuO2/F-graphene for overall water splitting in 1 M KOH and 1 M PBS solution are only 1.56 and 1.73 V respectively, lower than those of commercial RuO2 (1.72 and 2.34 V)","Normal,acid and alkaline.",0,0,0,C,F,O,Ru,None,None,None,None,1,0,0,1,0,1,0,0,0,1,0,0,0,0,0,0,0,0,0,0,0,0,0,0,0,0,0,0,0,1,0,0,0,0,0,0,0,0,0,0,0,0,0,0,0,0,0,0,0,0,1
1,10.1039/c9qi00953a,Peoples R China,Tianjin Univ,INORGANIC CHEMISTRY FRONTIERS,7.779,2/25/2020,2,NaN,NaN,340,"Among them, the Ni(OH)(2)/Ni:Pi electrode only needs an over-potential of 340 mV to deliver 10 mA cm(-2) at pH 7.2","Normal,only neutral.",1,0,0,Ni,P,O,None,None,None,None,None,0,1,0,1,0,0,0,0,0,0,0,0,0,0,0,0,0,0,0,0,0,0,0,0,0,1,0,0,0,0,0,0,0,0,0,0,0,0,0,0,0,0,0,0,0,0,0,0,0,0,1
1,10.1002/adfm.201910424,South Korea,Seoul Natl Univ,ADVANCED FUNCTIONAL MATERIALS,19.924,1/31/2020,38,NaN,NaN,395,"The 4 nm Mn3O4/Ni foam electrode exhibits outstanding electrocatalytic activity for OER with overpotential of 395 mV at a current density of 10 mA cm(-2) under neutral conditions (0.5 m PBS, pH 7).","Normal,only neutral.",1,0,1,Mn,Ni,O,None,None,None,None,None,1,1,0,1,0,0,0,0,0,0,0,0,0,0,0,0,0,0,0,0,0,0,0,0,0,0,0,0,0,0,0,0,0,0,0,0,0,0,0,0,0,0,0,0,1,0,0,0,0,0,1
1,10.1016/j.jechem.2020.10.014,Peoples R China,Beijing Normal Univ,JOURNAL OF ENERGY CHEMISTRY,13.599,6/5/2021,66,353,310,489,"Moreover, the NiVB/rGO electrocatalysts display a promising performance in a wide-pH conditions that require low overpotential of 310, 353 and 489 mV to drive a current density of 10 mA cm(-2) for OER under 0.5 M KOH, 0.05 M H2SO4 and 1.0 M phosphate buffer solution (PBS) respectively, confirming the excellent electrocatalytic performance among state-of-the-art Ni-based electrocatalysts for overall water splitting","Normal,acid, alkaline and neutral.",1,0,0,B,Ni,P,V,C,O,None,None,1,0,0,1,0,0,0,0,0,0,0,0,1,0,0,0,0,0,0,0,0,0,0,0,0,0,0,0,0,1,0,0,0,0,0,0,0,0,0,0,0,0,0,0,0,0,0,0,0,0,1
1,10.1016/j.jallcom.2022.164709,Pakistan,Quaid I Azam Univ,JOURNAL OF ALLOYS AND COMPOUNDS,6.371,6/14/2022,0,NaN,370,530,"The catalyst exhibited excellent electrocatalytic oxygen evolution reaction (OER) activity with overpotential of 370 mV at 10 mA/cm2 and a Tafel slope of 84 mV/dec in 1 M KOH, while overpotential of 530 mV at 10 mA/cm2 and a Tafel slope of 153 mV/dec in sodium phosphate buffer","Normal,acid and alkaline.",1,1,0,Na,K,Co,O,P,Ge,W,None,0,1,0,1,0,0,0,0,0,0,0,0,0,0,0,0,0,0,1,0,0,0,0,0,0,0,0,0,0,0,0,0,0,0,0,0,0,0,0,0,0,0,0,0,0,0,0,0,0,0,1
1,10.1039/c9ta00380k,Peoples R China,Sun Yat Sen Univ,JOURNAL OF MATERIALS CHEMISTRY A,14.511,7/2/2019,14,NaN,NaN,430,"The CoOxHy/CC shows exceptional activity and stability for the oxygen evolution reaction under neutral conditions, as indicated by its high current density of 38 mA cm (2) at 1.8 V, small Tafel slope of 121 mV dec (1), low overpotential of 430 mV, and 24 h durability at 10 mA cm (2) in 0.1 M phosphate buffer solution (PBS).","Normal,only neutral.",1,0,1,C,Co,O,None,None,None,None,None,0,1,1,0,0,0,0,0,0,0,0,0,1,0,0,0,0,0,0,1,0,0,0,0,0,0,0,0,0,0,0,0,0,0,0,0,1,0,0,0,0,0,0,0,0,0,0,0,0,0,1
1,10.1002/anie.201810102,Peoples R China,China Univ Geosci,ANGEWANDTE CHEMIE-INTERNATIONAL EDITION,16.823,12/28/2018,160,NaN,270,277,"Only 270 mV and 277 mV overpotentials are required to reach a current density of 10mAcm(-2) for PdP2@CB to catalyze OER in 1m KOH and 1m PBS electrolytes, which is better OER activity than the benchmark IrO2 electrocatalyst (301 mV and 313 mV to drive a current density of 10 mA cm(-2))","Normal,acid and alkaline.",1,1,0,P,Pd,None,None,None,None,None,None,0,0,0,0,0,0,0,0,0,0,0,0,0,0,0,0,0,0,0,0,0,0,0,0,0,0,0,0,0,0,0,0,0,0,0,0,0,0,0,0,0,0,0,0,0,0,0,0,0,0,1
1,10.1016/j.cej.2021.130762,Peoples R China,Tongji Univ,CHEMICAL ENGINEERING JOURNAL,16.744,11/12/2021,7,312,256,211,"Benefiting from optimized electronic structure, interfacial synergy effect and special core-shell structure (similar to 150 nm), the newly developed electrocatalysts present remarkable electrocatalytic activities with small over-potentials to drive 10 mA cm(-2) for the HER (19 mV in alkaline, 80 mV in neutral, 20 mV in acid) and OER (252 mV, 316 mV, 211 mV)","Normal,acid, alkaline and neutral.",1,1,0,C,Ni,Ru,None,None,None,None,None,1,0,0,1,0,0,0,0,1,0,0,0,1,0,0,1,0,0,0,0,0,0,0,0,0,0,0,0,0,0,0,0,0,0,0,0,0,0,0,0,0,0,0,0,0,0,0,0,0,0,1
1,10.1039/d0nr07897b,NaN,NaN,Nanoscale,8.307,1/25/2021,4,NaN,NaN,396,"Benefiting from the synergistic effect between components and the unique structure, the Cu2-xSe@(Co,Cu)Se2 core-shell structure can serve as an efficient bifunctional electrocatalyst for both HERs and OERs in neutral-pH electrolytes with a current density of 10 mA cm-2 at the overpotentials of 106 mV and 396 mV, respectively","Normal,only neutral.",1,1,0,Co,Cu,Se,None,None,None,None,None,0,0,1,1,0,0,0,0,1,0,0,0,0,1,0,0,0,0,0,0,0,0,0,0,0,0,0,0,0,0,0,0,0,0,0,0,0,0,0,0,0,0,0,0,0,0,0,0,0,0,1
1,10.1039/c6ta00313c,India,Indian Inst Sci Educ & Res,JOURNAL OF MATERIALS CHEMISTRY A,14.511,4/6/2016,58,NaN,NaN,600,Long term testing results showed that the films were able to oxidize water for almost 8 h of continuous operation with a current density of 10 mA cm(-2) at an overpotential of 600 mV under near neutral conditions,"Normal,only neutral.",1,0,0,Fe,O,None,None,None,None,None,None,0,0,0,1,0,0,0,0,0,0,0,0,0,0,0,0,0,0,0,1,0,0,0,0,0,0,0,0,0,0,0,0,0,0,0,0,0,1,0,0,0,0,0,0,0,0,1,0,0,0,1
1,10.1039/c6nr09585b,Peoples R China,Sichuan Univ,NANOSCALE,8.307,3/21/2017,78,NaN,NaN,460,"The resulting core@shell structured CCH@Co-Pi NA/Ti exhibits remarkable activity toward water oxidation with the need of an overpotential of 460 mV to achieve a geometrical catalytic current density of 10 mA cm(-2) in 0.1 M PBS, with a high turnover frequency of and long-term electrochemical stability.","Normal,only neutral.",1,0,0,P,Ti,Co,O,None,None,None,None,0,1,0,0,0,0,0,0,1,0,0,0,0,0,0,0,0,0,0,0,0,0,0,0,0,0,0,0,0,0,0,0,0,0,0,0,0,0,0,0,0,0,0,0,0,0,0,0,0,0,1
1,10.1016/j.apcatb.2020.119394,Peoples R China,China Univ Geosci Wuhan,APPLIED CATALYSIS B-ENVIRONMENTAL,24.319,9/18/2020,35,290,296,305,"In this work, we have synthesized Iridium nanorods (Ir-NR/C) by annealing Ir nanoparticles at 300 degrees C requiring comparatively low overpotentials of 290 mV, 296 mV and 305 mV to achieve current density of 10 mA cm(-2) for OER catalysis in 0.5 M H2SO4 , 1 M KOH and 1 M PBS with a low Ir loading of 14 mu g cm(-2), respectively, resulting in similar to 30 times higher mass activity compared to commercial IrO2","Normal,acid, alkaline and neutral.",1,0,0,C,Ir,None,None,None,None,None,None,1,0,0,1,0,0,0,0,0,0,0,0,0,0,0,0,0,0,0,0,0,0,0,0,0,1,0,0,0,0,0,0,0,0,0,0,0,0,0,0,0,0,0,0,0,0,0,0,0,0,1
1,10.1021/acscatal.0c04117,Portugal,Int Iberian Nanotechnol Lab INL,ACS CATALYSIS,13.7,4/3/2021,25,223,NaN,300,"Here, we design a catalyst comprising surface atomic-step enriched ruthenium-iridium (RuIr) nanocrystals homogeneously dispersed on a metal organic framework (MOF) derived carbon support (RuIr@CoNC), which shows outstanding catalytic performance for OER with high mass activities of 2041, 970 and 205 A g(RuIr)(-1) at an overpotential of 300 mV and can sustain continuous OER electrolysis up to 40, 45, and 90 h at 10 mA cm(-2) with minimal degradation in 0.5 M H2SO4 (pH = 0.3), 0.05 M H2SO4 (pH = 1), and PBS (pH = 7.2) electrolytes, respectively","Normal,acid and alkaline.",1,1,0,C,Co,Ir,N,Ru,None,None,None,1,0,0,1,0,0,0,0,0,0,0,0,0,0,0,1,1,0,0,0,0,0,0,0,0,0,0,0,0,0,0,0,0,0,0,0,0,0,0,0,0,0,0,0,0,0,0,0,0,0,1
1,10.1002/smtd.201900733,South Korea,Seoul Natl Univ,SMALL METHODS,15.367,3/30/2020,25,NaN,NaN,458,The overpotential at the current density of 10 mA cm(-2) is 524 and 458 mV for pristine and 5 at% doped Mn3O4 NPs under neutral condition,"Normal,only neutral.",1,1,0,Mn,Ni,O,None,None,None,None,None,1,1,0,1,0,0,0,0,0,0,0,0,1,0,0,0,0,0,0,0,0,1,0,0,0,0,0,0,0,0,0,0,0,0,0,0,0,0,0,0,0,1,0,0,0,0,0,0,0,0,1
1,10.1002/adma.201906806,Peoples R China,Nankai Univ,ADVANCED MATERIALS,32.086,1/27/2020,38,NaN,NaN,310,The Ni-Fe-Mg catalysts exhibit an overpotential of 310 mV at 10 mA cm(-2) in pH-neutral electrolytes and thus outperform iridium oxide (IrO2) electrocatalyst by a margin of 40 mV,"Normal,only neutral.",1,1,0,Ni,Fe,Mg,None,None,None,None,None,0,0,0,1,0,0,0,0,0,0,0,0,1,0,0,0,0,0,0,0,0,0,0,0,0,0,0,0,0,0,0,0,0,0,0,0,0,0,0,0,0,0,0,0,0,0,0,0,0,1,1
1,10.1021/acs.inorgchem.1c01566,India,Cent Univ Punjab,INORGANIC CHEMISTRY,5.436,9/17/2021,10,NaN,NaN,406,"Moreover, CuCo2S4/g-C3N4 composite nanorods exhibit a high catalytic activity of OER under a neutral medium at an overpotential of 406 mV and a current density of 10 mA cm(-2).","Normal,only neutral.",1,0,0,C,Co,Cu,N,S,None,None,None,0,1,0,1,0,0,0,0,0,0,0,0,1,1,0,0,0,0,0,0,0,1,0,0,0,0,0,0,0,0,1,0,0,0,0,0,0,0,0,0,0,0,0,0,0,0,0,0,0,0,1
1,10.1002/adma.201707522,Peoples R China,Univ Sci & Technol China,ADVANCED MATERIALS,32.086,12/28/2018,207,NaN,NaN,373,"The optimized CoIr with 9.7 wt% Ir content displays highly efficient OER catalytic performance with an overpotential of 373 mV to achieve the current density of 10 mA cm(-2) in 1.0 m phosphate buffer solution, significantly outperforming the commercial IrO2 catalysts","Normal,only neutral.",1,0,0,C,Co,Ir,None,None,None,None,None,1,0,1,0,0,1,0,0,0,0,0,0,0,0,0,0,0,0,0,1,0,0,0,0,0,0,0,0,0,0,0,0,0,0,0,0,0,0,0,0,0,0,0,0,0,0,0,0,0,0,1
1,10.1002/adfm.202100233,South Korea,Jeonbuk Natl Univ,ADVANCED FUNCTIONAL MATERIALS,19.924,5/11/2021,39,454.9,340.6,508,"The CoSAs-MoS2/TiN NRs anodic electrode also shows low OER overpotentials of 454.9, 340.6, and 508.0 mV, respectively, at a current density of 10 mA cm(-2) in acidic, alkaline, and neutral mediums, markedly outperforming current OER catalysts reported elsewhere","Normal,acid, alkaline and neutral.",1,0,0,Co,Mo,N,S,Ti,None,None,None,0,1,1,1,0,1,0,0,0,0,0,0,0,0,0,0,0,0,0,0,0,0,0,0,0,0,0,0,0,0,0,0,0,0,0,0,0,0,0,0,0,0,0,0,0,0,0,0,0,0,1
1,10.1021/acsenergylett.8b00982,Peoples R China,East China Univ Sci & Technol,ACS ENERGY LETTERS,23.991,12/28/2018,66,NaN,NaN,315,"Moreover, a j(O2) of 10 mA cm(-2) at an overpotential of 315 mV (with 100% iR compensation; this value should be 365 mV without compensation) is attained in near-neutral conditions","Normal,only neutral.",1,1,0,Ni,O,None,None,None,None,None,None,0,1,0,1,0,0,0,0,0,0,0,0,1,0,0,0,0,0,0,0,0,0,0,0,0,0,0,0,0,0,0,0,0,0,0,0,0,0,0,0,0,0,0,0,0,0,0,0,0,0,1
1,10.1002/admi.202100879,Peoples R China,Chongqing Normal Univ,ADVANCED MATERIALS INTERFACES,6.389,8/23/2021,0,NaN,NaN,385,"In 1 m phosphate buffer solution (PBS) electrolyte, Co3Se4/N-CNTs catalyst exhibits superior stability and catalytic activity for OER and HER, yielding a geometrical catalytic current density of 10 and -10 mA cm(-2) at rather low overpotentials of 385 and 102 mV, respectively, meanwhile operating continuously for 35 h without obvious polarization increase","Normal,only neutral.",1,1,1,C,Co,P,Se,None,None,None,None,1,1,0,1,0,0,0,1,0,0,0,0,0,0,0,0,0,0,0,0,0,0,0,0,0,0,0,0,0,0,0,0,1,0,0,0,0,0,0,0,0,0,0,0,0,0,0,0,0,0,1
1,10.1039/c8sc04529a,Peoples R China,Renmin Univ China,CHEMICAL SCIENCE,9.969,3/12/2019,106,NaN,NaN,310,"We herein report a water-soluble CuII complex of tetrakis(4-N-methylpyridyl) porphyrin (1), which catalyzes the oxygen evolution reaction (OER) in neutral aqueous solutions with small overpotentials: the onset potential of the catalytic water oxidation wave measured at current density j 1/4 0.10 mA cm(-2) is 1.13 V versus a normal hydrogen electrode (NHE), which corresponds to an onset overpotential of 310 mV","Normal,only neutral.",1,0,0,Cu,N,O,C,None,None,None,None,0,0,0,1,0,0,0,0,0,0,0,0,0,1,0,0,0,0,0,0,0,0,0,0,0,0,0,0,0,0,0,0,0,0,0,0,0,0,0,0,0,0,0,0,0,0,0,0,0,0,1
0,10.1016/j.jallcom.2022.164052,Peoples R China,Anhui Normal Univ,JOURNAL OF ALLOYS AND COMPOUNDS,6.371,4/27/2022 0:00,4,NaN,242,449,Only overpotential of 242 mV or 449 mV was required to reach the current density of 10 mA cm(-2) in 1 M KOH solution or 0.1 M phosphate buffer solution (PBS),"Normal,acid and alkaline.",0,0,0,Co,Fe,Mn,Ni,O,P,None,None,0,1,0,1,0,0,0,0,0,0,0,0,0,0,0,0,0,0,0,0,0,0,0,0,0,0,0,0,0,0,0,0,0,0,0,0,0,0,0,0,0,0,0,0,0,0,0,0,0,0,0
0,10.1039/c8fd00172c,Taiwan,Natl Cheng Kung Univ,FARADAY DISCUSSIONS,4.394,8/13/2019 0:00,17,NaN,NaN,710,"With these unique properties of FePO4, the activated CaFeOx|FePO4 electrode shows high activity and stability under high turnover conditions, reaching 10 mA cm(-2) at an overpotential of similar to 710 mV, with a moderate increase in eta (similar to 70 mV), mainly due to the change in solution pH, over 10 h of electrolysis in phosphate-buffered (0.5 M, pH 7) seawater solution.","Normal,only neutral.",1,1,1,Ca,Fe,O,P,None,None,None,None,0,0,0,1,0,0,0,0,0,0,0,1,0,0,1,0,0,0,0,0,0,0,0,0,0,0,0,0,0,0,0,0,0,0,0,0,0,0,0,0,0,0,0,0,0,0,1,0,0,0,0
1,10.1016/j.nanoen.2017.06.032,IA 50011 USA,Iowa State Univ,NANO ENERGY,19.069,8/1/2017 0:00,179,NaN,NaN,396,"Furthermore, a current density of 10 mA/cm(2) was achieved at a small overpotential of 396 mV in 0.1 M phosphate buffer.","Normal,only neutral.",0,0,0,Ni,Fe,P,None,None,None,None,None,0,0,0,1,0,0,0,0,0,0,0,0,1,0,0,0,0,0,0,0,0,0,0,0,0,0,0,0,0,0,0,0,0,0,0,0,0,0,0,0,0,0,0,0,0,0,0,0,0,0,1
0,10.1016/j.ica.2022.121030,Pakistan,Quaid I Azam Univ,INORGANICA CHIMICA ACTA,3.118,7/19/2022 0:00,1,NaN,NaN,300,"Mn-CP has displayed excellent OER performance at neutral pH, exhibiting a current density (J) of 10 mA/cm2 at an overpotential (eta) of 300 mV (vs","Normal,only neutral.",0,0,0,Mn,C,None,None,None,None,None,None,0,0,1,0,0,0,0,0,0,0,0,0,0,1,0,0,0,0,0,0,1,0,0,0,0,0,0,0,0,0,0,0,0,0,0,0,0,0,0,0,0,0,0,0,0,0,0,0,0,0,0
1,10.1002/adfm.202101324,Peoples R China,Sun Yat Sen Univ,ADVANCED FUNCTIONAL MATERIALS,19.924,4/25/2021 0:00,10,NaN,NaN,220,"Versatile structural and compositional characterizations confirm uniform growth and strong chemical coupling of nanostructured CoN on (N, S)-RGO matrix; 3) the material is electrocatalytically active and durable in a neutral electrolyte, recording an OER overpotential of 220 mV at a current density of 10 mA cm(-2) and stability of 20 h continuous catalysis at 20 mA cm(-2) with nearly 100% Faradic efficiency; 4) Upon the experimental studies and density functional theory calculations, the eventual mechanism of remarkable OER activity conforms to the structural fate of ALD CoN electronic coupling to the carbon substrate.","Normal,only neutral.",0,0,0,C,Co,N,S,O,None,None,None,0,1,0,0,1,0,0,0,0,0,0,0,0,0,0,0,0,0,0,0,0,0,0,0,0,0,0,0,0,1,0,0,0,0,0,0,0,0,0,0,0,0,0,1,1,0,0,0,0,0,1
0,10.1016/j.matlet.2018.03.133,Peoples R China,Donghua Univ,MATERIALS LETTERS,3.574,12/28/2018 0:00,12,NaN,NaN,550,"Benefiting from the high specific surface area and high electronic conductivity of nickel foam, this material exhibits excellent electrocatalytic activity for oxygen evolution reaction with low overpotential (550 mV at 10 mA cm(-2)), a Tafel slope of 172 mV dec(-1) and excellent stability in sodium phosphate buffer (200 mM, pH 6)","Normal,only neutral.",0,0,0,Ni,P,O,None,None,None,None,None,0,1,0,1,0,0,0,0,0,0,0,0,0,0,0,0,0,0,1,0,0,0,0,0,0,0,0,0,0,0,0,0,0,0,0,0,0,0,0,0,0,0,0,0,0,0,0,0,0,0,0
1,10.1039/c6cc00766j,Peoples R China,Dalian Univ Technol,CHEMICAL COMMUNICATIONS,6.065,5/11/2016 0:00,42,NaN,NaN,560,This catalyst (Fe-Ci) produces a current density of 10 mA cm(-2) at an overpotential of 560 mV and the activity remains constant over 18 h in the environmentally benign HCO3-/CO32- buffer (pH 9.75),"Normal,only neutral.",0,0,0,C,O,Fe,None,None,None,None,None,0,0,0,1,0,0,0,0,0,0,0,0,0,0,0,0,0,0,0,0,0,0,0,0,0,0,0,0,0,0,0,0,0,0,0,0,0,0,0,0,0,0,0,0,0,0,1,0,0,0,1
1,10.1021/am507744y,Peoples R China,Hong Kong Univ Sci & Technol,ACS APPLIED MATERIALS & INTERFACES,10.383,2/25/2015 0:00,134,NaN,200,300,"In OER, it shows an overpotential of 200 mV in 0.1 M KOH and 300 mV in neutral media, while the current density reaches 50 mA cm(-2) in alkaline media and 10 mA cm(-2) in neutral media at overpotential of 300 mV","Normal,acid and alkaline.",0,1,1,C,Co,N,None,None,None,None,None,0,0,0,1,0,0,0,0,0,0,0,0,0,0,0,0,0,0,0,0,0,0,0,0,0,0,0,0,0,0,0,0,1,0,0,0,0,0,0,0,0,0,0,0,1,0,0,0,0,0,1
1,10.1039/c7cy00703e,Peoples R China,Sichuan Univ,CATALYSIS SCIENCE & TECHNOLOGY,6.177,7/7/2017 0:00,35,NaN,NaN,300,"Co2N/TM shows remarkable HER activity with the need of an overpotential of 290 mV to drive 10 mA cm(-2) in 1.0 M phosphate-buffered saline (PBS), and Co-Pi/TM is superior in OER activity affording 10 mA cm(-2) at overpotentials of only 430 and 300 mV in 0.1 and 1.0 M PBS, respectively","Normal,only neutral.",1,1,1,Co,N,P,Ti,O,None,None,None,0,0,0,1,0,0,0,0,0,0,0,0,0,0,0,0,0,0,0,0,0,0,0,0,0,0,0,0,0,0,0,0,0,0,0,0,0,1,0,0,0,0,0,0,0,0,0,0,0,0,1
1,10.1039/d2se00701k,Peoples R China,South China Univ Technol,SUSTAINABLE ENERGY & FUELS,6.813,7/10/2022 0:00,0,267,240,330,"Among the x%-Ir-MnO2 (x refers to the mass percentage of Ir) series, 5%-Ir-MnO2 exhibits superior OER performance than other samples, and also exceeds the IrO2 benchmark, as evidenced by small overpotentials of 330 mV (0.2 M PBS, pH = 7.0), 240 mV (1 M KOH, pH = 14.0), and 267 mV (0.5 M H2SO4, pH = 0) to reach a current density of 10 mA cm(-2), and markedly superior long-term stability in i-t curves","Normal,acid, alkaline and neutral.",0,0,0,Ir,Mn,O,None,None,None,None,None,1,0,0,1,0,0,0,0,0,0,0,1,0,0,0,0,0,0,0,0,0,0,0,0,0,0,0,0,0,0,0,0,0,0,0,0,0,0,0,0,0,0,0,0,0,0,0,0,0,0,1
1,10.1002/aenm.201702313,Peoples R China,Tsinghua Univ,ADVANCED ENERGY MATERIALS,29.698,12/28/2018 0:00,16,NaN,NaN,390,The current density can reach 10 mA cm(-2) at an overpotential (eta) of 390 mV in the best case in neutral environment,"Normal,only neutral.",0,0,0,Co,O,None,None,None,None,None,None,0,0,0,1,0,0,0,0,0,0,0,0,0,0,1,0,0,0,0,0,0,0,0,0,0,0,0,0,0,0,0,0,0,0,0,0,0,0,0,0,0,0,0,0,0,0,0,0,0,0,1
0,10.1038/srep07629,Peoples R China,Beijing Inst Technol,SCIENTIFIC REPORTS,4.996,2/22/2015 0:00,237,NaN,313,498,The current density of 10 mA/cm(2) has been achieved at the overpotential of 313 mV in 1 M KOH and 498 mV in PBS,"Normal,acid and alkaline.",0,0,0,C,Co,O,P,None,None,None,None,1,0,1,0,0,0,0,0,0,0,0,0,0,0,0,0,0,0,0,0,0,0,0,0,0,0,0,0,0,1,0,0,0,0,0,0,0,0,0,0,0,0,0,0,0,0,0,0,0,0,0
1,10.1039/d2gc01819e,Peoples R China,Univ Shanghai Sci & Technol,GREEN CHEMISTRY,11.034,7/22/2022 0:00,0,NaN,NaN,136,"Owing to its high intrinsic activity, fast electron transfer capacity and 3D loose porous morphology, overpotentials at 10 mA cm(-2) in alkaline simulated seawater during the hydrogen evolution reaction (HER) and the oxygen evolution reaction (OER) are only eta(10) = 70 mV and eta(10) = 136 mV","Normal,only alkaline.",1,1,0,Cu,B,C,O,None,None,None,None,0,1,0,1,0,0,0,1,0,0,0,1,0,0,0,0,0,0,0,0,0,0,0,0,0,0,0,0,0,0,0,0,0,0,0,0,0,0,0,0,0,0,0,0,0,0,0,0,0,0,1
1,10.1016/j.electacta.2018.11.127,Peoples R China,Univ Jinan,ELECTROCHIMICA ACTA,7.336,1/22/2019 0:00,9,NaN,170,370,"The as-prepared composite catalyst only needs a low overpotential of 170 mV to drive 10 mA cm(-2) current density in alkaline solution, and an overpotential of 370 mV in carbonate buffer solution","Normal,acid and alkaline.",0,0,0,C,Co,Fe,Ni,None,None,None,None,0,1,0,0,0,0,0,0,1,0,0,0,0,0,0,1,1,0,0,0,0,0,0,0,0,0,0,0,0,0,0,0,0,0,0,0,1,0,0,0,0,0,0,0,0,0,0,0,0,0,1
1,10.1021/acs.inorgchem.2c01072,,,Inorganic chemistry,5.436,5/27/2022 0:00,0,NaN,239,335,"AuNi1.5-T showed the highest oxygen evolution reaction (OER) activity compared to bare AuNi1.5, and it demands only 239 mV overpotential, which was 134 mV lesser than the overpotential required by commercial RuO2 at 10 mA cm-2 current density in a 1 M KOH solution (pH = 14)","Normal,only alkaline.",1,1,0,Au,Ni,O,Ru,None,None,None,None,0,0,0,0,0,0,0,0,0,0,1,0,0,0,0,0,0,0,0,0,0,0,0,0,0,0,0,0,0,0,0,0,0,0,0,0,0,0,0,0,0,0,0,0,0,0,0,0,1,0,1
1,10.1016/j.cej.2021.131966,Peoples R China,South China Univ Technol,CHEMICAL ENGINEERING JOURNAL,16.744,12/23/2021 0:00,3,NaN,NaN,414,"More impressively, in 0.2 M phosphate buffer solution, the overpotential @ 10 mA cm-2 is only 414 mV","Normal,only neutral.",0,0,0,Co,Mn,O,P,S,None,None,None,0,0,0,0,0,0,0,0,0,0,0,0,1,0,0,0,0,0,0,0,0,0,0,0,0,0,0,0,0,0,0,0,0,0,0,0,0,0,0,0,0,0,0,0,0,0,0,0,0,0,1
1,10.1007/s10853-017-1955-z,Peoples R China,Yancheng Inst Technol,JOURNAL OF MATERIALS SCIENCE,4.682,2/5/2018 0:00,8,NaN,NaN,472,"The obtained lowest overpotentials for OER in a HCO3-/CO2 system at neutral pH are 171 and 472 mV at the current densities of 1 and 10 mA cm(-2) separately, which are better than the most catalysts those were reported for neutral media","Normal,only neutral.",1,1,1,C,O,Ir,N,None,None,None,None,1,0,0,1,0,0,0,0,0,0,0,1,0,0,0,0,0,0,0,0,0,0,0,0,0,0,0,0,0,0,0,0,1,0,0,0,0,0,0,0,0,0,0,0,0,0,1,0,0,0,1
1,10.1039/c5ee02195b,NJ 08854 USA,Rutgers State Univ,ENERGY & ENVIRONMENTAL SCIENCE,39.714,1/27/2016 0:00,64,NaN,NaN,420,"Comparison of cubic LiCoO2 (50 nm) to iridium (5 nm) nanoparticles for OER catalysis (commercial benchmark for membrane-based systems) in basic and neutral electrolyte reveals excellent performance in terms of Tafel slope (48 mV dec(-1)), overpotential (eta = similar to 420 mV@10 mA cm(-2) at pH = 14), faradaic yield (100%) and OER stability (no loss in 14 hours)","Normal,only neutral.",0,0,0,Co,Li,O,None,None,None,None,None,1,0,0,0,0,0,0,0,0,0,0,0,0,0,0,0,0,0,0,0,0,1,0,0,0,0,0,0,0,0,0,0,0,0,0,0,0,0,0,0,0,0,0,0,0,0,0,0,0,0,1
0,10.1039/c7se00447h,Taiwan,Natl Cheng Kung Univ,SUSTAINABLE ENERGY & FUELS,6.813,2/14/2018 0:00,13,NaN,NaN,650,"The amorphous nature and in situ formation of iron phosphate render CaFeOx with high activity and stability under high turnover conditions, reaching 10 mA cm(-2) at an overpotential (eta) of similar to 650 mV with a small increase in eta (similar to 30 mV) over 2 h electrolysis in phosphate buffer (1.0 M, pH 7)","Normal,only neutral.",1,1,1,Ca,Fe,O,None,None,None,None,None,0,0,0,0,0,0,0,0,0,0,0,0,0,0,0,0,0,0,0,0,0,0,0,0,0,1,0,0,0,0,0,0,0,0,0,0,0,1,0,0,0,0,0,0,1,0,0,0,1,0,0
1,10.1016/j.cej.2021.133577,Peoples R China,Shandong Univ,CHEMICAL ENGINEERING JOURNAL,16.744,5/15/2022 0:00,0,296.9,257.3,376.1,"Herein, we report hierarchical Co nanorod arrays (NRAs) incorporated with trace amount of Ir (1.0 at%) (IrCo NRAs), display excellent OER activity, with overpotentials of 257.3, 296.9 and 376.1 mV at 10 mA cm(-2) in 1.0 M KOH, 0.5 M H2SO4 and 1.0 M phosphate buffered saline, respectively","Normal,acid, alkaline and neutral.",0,0,0,Co,Ir,None,None,None,None,None,None,0,1,0,1,0,0,0,0,0,0,0,0,1,0,0,0,0,0,0,0,0,0,0,0,0,0,0,0,0,0,0,0,0,0,0,0,0,0,0,0,0,0,0,0,0,0,0,0,0,0,1
1,10.1016/j.apcatb.2022.121432,Peoples R China,Inner Mongolia Univ,APPLIED CATALYSIS B-ENVIRONMENTAL,24.319,6/11/2022 0:00,1,NaN,NaN,145,"Benefitting from the optimized electronic structure attributed to the construction of heterointerface, and the intense adsorption of H2O on the surface of catalysts owing to the introduction of hydration-effect-promoting (HEP) element Mg, the MgO/NCS-CC exhibits outstanding OER activity with overpotential of 145 mV at the current density of 10 mA.cm(-2) in pH-neutral electrolyte and can maintain stability over 40 h","Normal,only neutral.",1,0,0,C,Co,Mg,Ni,O,S,None,None,0,0,0,1,0,0,0,0,0,0,0,0,1,0,0,0,0,0,0,0,0,0,0,0,0,0,0,0,0,0,0,0,0,0,0,0,1,0,0,0,0,0,0,0,0,0,0,0,0,0,1
1,10.1039/c9sc03224j,Peoples R China,Sun Yat Sen Univ,CHEMICAL SCIENCE,9.969,11/18/2019 0:00,22,NaN,NaN,430,"Herein, we report a highly stable metal-organic framework that shows high catalytic activity and durability for electrically driven (an overpotential of 430 mV at 10 mA cm(-2) in neutral aqueous solution) and photodriven (a turnover frequency of 16 s(-1) and 12 000 cycles) water oxidation, representing the best catalyst for water oxidation reported to date","Normal,only neutral.",0,0,0,Co,O,N,C,None,None,None,None,0,0,0,0,0,0,0,0,0,0,0,0,0,0,0,1,1,0,0,0,0,0,0,0,0,0,0,0,0,0,0,0,0,0,0,0,0,0,0,0,0,0,0,0,0,0,0,0,0,0,1
0,10.1016/j.jssc.2019.120913,Peoples R China,Luoyang Normal Univ,JOURNAL OF SOLID STATE CHEMISTRY,3.656,10/9/2019 0:00,30,NaN,NaN,340,Electrochemical measurements reveal that 2 modified electrode is catalytically active to oxygen evolution reaction with a lower overpotential of only 340 mV at 10 mA cm(-2) in neutral solution.,"Normal,only neutral.",0,0,0,Co,I,N,None,None,None,None,None,1,1,0,1,0,0,0,1,0,0,0,1,0,1,0,1,1,0,0,0,0,0,0,0,0,0,0,0,0,0,0,0,0,0,0,0,0,0,0,0,0,0,0,0,0,0,0,0,0,0,0
1,10.1149/1945-7111/abb3da,Peoples R China,Northwest Univ,JOURNAL OF THE ELECTROCHEMICAL SOCIETY,4.386,9/29/2020 0:00,6,NaN,163,110,"Fe-Co-Ni-B/BVG electrocatalyst also exhibits excellent oxygen evolution reaction (OER) activities with overpotentials of 163 and 110 mV at a current density of 10 mA cm(-2)in 1.0 M KOH and 1.0 M PBS solutions, respectively","Normal,acid and alkaline.",1,0,0,C,P,Fe,Co,Ni,None,None,None,0,0,0,1,0,0,0,0,0,0,0,0,0,0,0,0,0,0,0,0,0,0,0,0,0,0,0,0,0,1,0,0,0,0,0,0,0,0,0,0,0,0,0,0,0,0,1,0,0,0,1
1,10.1002/adfm.201801397,Peoples R China,Dalian Univ Technol,ADVANCED FUNCTIONAL MATERIALS,19.924,12/28/2018 0:00,30,NaN,235,315,"The new class porous nitrogen-incorporated Fe2PO5 with oxygen-defect (N-Fe2PO5-x) polyhedron with dominantly exposed {110} reactive facets exhibits superior performance toward water oxidation, achieving current densities of 10 mA cm(-2) at quite low overpotentials of 235 and 315 mV in alkaline and neutral media, respectively","Normal,acid and alkaline.",0,0,0,Fe,N,O,P,None,None,None,None,0,0,0,0,0,0,0,1,0,0,0,0,0,0,0,0,0,0,0,0,0,0,0,0,0,0,0,0,0,0,0,0,0,0,0,0,0,0,0,0,0,0,0,0,0,0,0,0,0,0,1
1,10.1002/celc.201700392,Peoples R China,China West Normal Univ,CHEMELECTROCHEM,4.782,8/1/2017 0:00,330,NaN,300,536,"This electrode also demonstrates superior OER activity over alpha-Co(OH)(2) NA/CC and needs overpotentials of only 536 and 300 mV to drive 10 mAcm(-2) at neutral and alkaline pH, respectively","Normal,acid and alkaline.",0,0,0,C,Co,P,None,None,None,None,None,0,1,1,1,0,0,0,0,0,0,0,0,0,0,0,0,0,0,0,0,0,0,0,0,0,0,0,0,0,0,0,0,0,0,0,0,1,0,0,0,0,0,0,0,0,0,0,0,0,0,1
1,10.1007/s40843-020-1390-6,Peoples R China,Fudan Univ,SCIENCE CHINA-MATERIALS,8.64,8/17/2020 0:00,8,NaN,NaN,324,"The adsorbate-activated RuxIryO2 on a glassy carbon electrode achieved a low overpotential of 324 mV at 10 mA cm(-2) in neutral electrolyte, with a 36-fold improvement in turnover frequency compared with that of IrO2 benchmark","Normal,only neutral.",0,0,0,C,Ir,O,Ru,None,None,None,None,0,0,0,1,0,0,0,0,0,0,0,0,0,0,0,0,0,0,0,0,0,0,0,0,0,0,0,0,0,0,0,0,0,0,0,0,0,0,0,0,0,0,0,0,0,0,0,0,0,0,1
0,10.1021/acs.iecr.7b04812,Singapore,Nanyang Technol Univ,INDUSTRIAL & ENGINEERING CHEMISTRY RESEARCH,4.326,2/27/2018 0:00,20,NaN,NaN,490,"The as-synthesized Co3O4 QDs show extraordinary water oxidation activity with onset overpotential as low as 398 mV and mass activity as high as 567 A/g (at 1.75 V vs RHE) in a 0.2 M phosphate buffer electrolyte (pH similar to 7), which are among the most efficient Earth-abundant OER catalysts at neutral pH reported in the literature, reaching a stable current density of 10 mA/cm(2) at an overpotential of similar to 490 mV with a Tafel slope of 80 mV/decade","Normal,only neutral.",1,1,1,Co,O,P,None,None,None,None,None,0,0,0,0,0,0,1,0,0,0,0,0,0,0,0,0,0,0,0,0,0,0,0,0,0,0,0,0,0,0,0,0,0,0,0,0,0,0,0,0,0,0,0,0,0,0,0,0,0,0,0
1,10.1039/d1dt03266f,Peoples R China,Anhui Normal Univ,DALTON TRANSACTIONS,4.569,12/1/2021 0:00,1,NaN,187,260,"In 1 M KOH solution, 187 mV overpotential is required to deliver a current density of 10 mA cm(-2) with a Tafel slope of 35.28 mV dec(-1), and in a saline-alkaline solution of 1 M KOH and 0.5 M NaCl, only 260 mV overpotential is needed to reach 100 mA cm(-2), demonstrating its excellent OER performance","Normal,acid and alkaline.",0,0,0,Ce,Mo,Ni,O,S,None,None,None,0,1,1,1,0,0,0,0,0,0,0,0,0,0,0,0,0,0,0,0,0,0,0,0,0,0,0,0,0,0,0,0,0,0,0,0,0,0,0,0,0,1,0,0,0,0,1,0,0,0,1
1,10.1016/j.surfin.2021.101193,Peoples R China,Qingdao Univ Sci & Technol,SURFACES AND INTERFACES,6.137,8/12/2021,2,NaN,275,325,"With the aid of above benefits, the NiFe2O4/Fe-3(PO4)(2)-PNC@CC exhibits good OER activities in neutral and alkaline medias, with low overpotentials of 325 mV and 275 mV at current density of 10 mA cm(-2), respectively, showing great potential as pH-tolerant OER catalyst for water splitting.","Normal,acid and alkaline.",1,0,0,C,Fe,N,Ni,P,None,None,None,1,0,0,1,0,0,0,0,0,0,0,0,1,1,0,0,0,1,0,1,0,0,0,0,0,0,0,0,0,0,0,0,0,0,0,0,1,0,0,0,0,0,0,0,0,0,0,0,0,0,1
